SpotId,SpotName,FishID,ReportDate,Size,FishCount
kb-001,木更津沖堤防,f011,2025-09-23,10,4
kb-001,木更津沖堤防,f012,2023-10-16,20,1
kb-001,木更津沖堤防,f040,2025-04-30,,1
kb-001,木更津沖堤防,f010,2025-12-04,,1
kb-001,木更津沖堤防,f013,2025-09-23,15,2
kb-001,木更津沖堤防,f013,2024-10-27,10,3
kb-001,木更津沖堤防,f014,2023-12-03,34,1
kb-001,木更津沖堤防,f014,2024-08-06,32,1
kb-001,木更津沖堤防,f001,2025-12-06,,1
kb-001,木更津沖堤防,f001,2023-07-03,21,1
kb-001,木更津沖堤防,f001,2023-07-31,,1
kb-001,木更津沖堤防,f001,2023-08-01,25,1
kb-001,木更津沖堤防,f001,2023-08-19,,37
kb-001,木更津沖堤防,f001,2023-08-01,20,70
kb-001,木更津沖堤防,f001,2023-08-29,20,15
kb-001,木更津沖堤防,f001,2023-09-19,13,41
kb-001,木更津沖堤防,f001,2023-09-19,,7
kb-001,木更津沖堤防,f001,2023-10-24,21,1
kb-001,木更津沖堤防,f001,2023-11-05,15,1
kb-001,木更津沖堤防,f001,2023-11-05,23,2
kb-001,木更津沖堤防,f001,2023-11-16,,3
kb-001,木更津沖堤防,f001,2023-11-22,,6
kb-001,木更津沖堤防,f001,2025-01-14,24,2
kb-001,木更津沖堤防,f001,2025-04-04,22,3
kb-001,木更津沖堤防,f001,2025-04-12,25,153
kb-001,木更津沖堤防,f001,2025-05-26,29,15
kb-001,木更津沖堤防,f001,2025-06-06,22,15
kb-001,木更津沖堤防,f001,2025-06-12,25,26
kb-001,木更津沖堤防,f001,2025-06-26,23,32
kb-001,木更津沖堤防,f001,2025-06-30,25,20
kb-001,木更津沖堤防,f001,2025-06-30,18,15
kb-001,木更津沖堤防,f001,2025-07-10,20,1
kb-001,木更津沖堤防,f001,2025-07-19,20,15
kb-001,木更津沖堤防,f001,2025-07-31,21,2
kb-001,木更津沖堤防,f001,2025-08-16,18,20
kb-001,木更津沖堤防,f001,2025-08-21,23,1
kb-001,木更津沖堤防,f001,2025-08-23,,20
kb-001,木更津沖堤防,f001,2025-08-21,10,20
kb-001,木更津沖堤防,f001,2025-07-22,,1
kb-001,木更津沖堤防,f001,2025-09-05,15,10
kb-001,木更津沖堤防,f001,2025-09-11,15,30
kb-001,木更津沖堤防,f001,2025-09-11,12,115
kb-001,木更津沖堤防,f001,2025-09-11,15,24
kb-001,木更津沖堤防,f001,2025-09-11,15,50
kb-001,木更津沖堤防,f001,2025-09-19,8,2
kb-001,木更津沖堤防,f001,2025-09-22,48,30
kb-001,木更津沖堤防,f001,2025-09-22,20,35
kb-001,木更津沖堤防,f001,2025-09-23,20,18
kb-001,木更津沖堤防,f001,2025-07-05,26,24
kb-001,木更津沖堤防,f001,2025-10-03,15,27
kb-001,木更津沖堤防,f001,2025-10-04,15,2
kb-001,木更津沖堤防,f001,2025-10-09,,1
kb-001,木更津沖堤防,f001,2025-10-09,25,42
kb-001,木更津沖堤防,f001,2025-10-16,20,44
kb-001,木更津沖堤防,f001,2025-11-06,,38
kb-001,木更津沖堤防,f001,2025-11-15,20,1
kb-001,木更津沖堤防,f001,2025-12-12,17,7
kb-001,木更津沖堤防,f001,2025-05-10,,130
kb-001,木更津沖堤防,f001,2023-04-10,20,4
kb-001,木更津沖堤防,f001,2023-04-10,25,12
kb-001,木更津沖堤防,f001,2023-04-17,,1
kb-001,木更津沖堤防,f001,2023-04-22,33,56
kb-001,木更津沖堤防,f001,2023-04-23,23,20
kb-001,木更津沖堤防,f001,2023-05-03,27,6
kb-001,木更津沖堤防,f001,2023-05-05,20,7
kb-001,木更津沖堤防,f001,2023-05-03,,10
kb-001,木更津沖堤防,f001,2023-05-06,,13
kb-001,木更津沖堤防,f001,2023-05-14,24,138
kb-001,木更津沖堤防,f001,2023-05-17,,20
kb-001,木更津沖堤防,f001,2023-05-21,10,35
kb-001,木更津沖堤防,f001,2023-05-20,,26
kb-001,木更津沖堤防,f001,2023-05-25,,1
kb-001,木更津沖堤防,f001,2023-05-29,,5
kb-001,木更津沖堤防,f001,2023-05-29,,21
kb-001,木更津沖堤防,f001,2023-05-29,23,15
kb-001,木更津沖堤防,f001,2023-05-18,28,20
kb-001,木更津沖堤防,f001,2023-06-18,21,8
kb-001,木更津沖堤防,f001,2023-05-25,,50
kb-001,木更津沖堤防,f001,2023-07-03,20,5
kb-001,木更津沖堤防,f001,2023-07-18,21,24
kb-001,木更津沖堤防,f001,2023-07-23,20,30
kb-001,木更津沖堤防,f001,2023-07-30,20,1
kb-001,木更津沖堤防,f001,2023-08-06,20,3
kb-001,木更津沖堤防,f001,2023-08-05,30,1
kb-001,木更津沖堤防,f001,2023-08-06,20,1
kb-001,木更津沖堤防,f001,2023-08-15,11,1
kb-001,木更津沖堤防,f001,2023-08-21,24,20
kb-001,木更津沖堤防,f001,2023-08-19,,47
kb-001,木更津沖堤防,f001,2023-09-04,20,1
kb-001,木更津沖堤防,f001,2023-09-07,,1
kb-001,木更津沖堤防,f001,2023-09-14,25,1
kb-001,木更津沖堤防,f001,2023-09-14,20,1
kb-001,木更津沖堤防,f001,2023-09-15,19,45
kb-001,木更津沖堤防,f001,2023-09-16,10,1
kb-001,木更津沖堤防,f001,2023-09-17,23,13
kb-001,木更津沖堤防,f001,2023-10-01,24,60
kb-001,木更津沖堤防,f001,2023-10-08,20,6
kb-001,木更津沖堤防,f001,2023-10-15,22,7
kb-001,木更津沖堤防,f001,2023-10-21,,34
kb-001,木更津沖堤防,f001,2023-10-29,,16
kb-001,木更津沖堤防,f001,2023-10-30,21,18
kb-001,木更津沖堤防,f001,2023-11-02,23,1
kb-001,木更津沖堤防,f001,2023-11-12,23,1
kb-001,木更津沖堤防,f001,2023-11-12,,60
kb-001,木更津沖堤防,f001,2023-11-19,,1
kb-001,木更津沖堤防,f001,2023-11-22,25,10
kb-001,木更津沖堤防,f001,2023-12-04,,20
kb-001,木更津沖堤防,f001,2023-08-17,,14
kb-001,木更津沖堤防,f001,2023-05-10,26,10
kb-001,木更津沖堤防,f001,2023-04-05,26,20
kb-001,木更津沖堤防,f001,2023-12-17,15,9
kb-001,木更津沖堤防,f001,2023-12-17,22,7
kb-001,木更津沖堤防,f001,2023-12-25,,30
kb-001,木更津沖堤防,f001,2024-01-08,,18
kb-001,木更津沖堤防,f001,2024-04-19,,5
kb-001,木更津沖堤防,f001,2024-05-14,,1
kb-001,木更津沖堤防,f001,2024-06-18,30,40
kb-001,木更津沖堤防,f001,2024-07-02,18,1
kb-001,木更津沖堤防,f001,2024-07-17,23,30
kb-001,木更津沖堤防,f001,2023-04-30,,28
kb-001,木更津沖堤防,f001,2024-07-19,20,30
kb-001,木更津沖堤防,f001,2024-07-22,22,1
kb-001,木更津沖堤防,f001,2024-07-22,16,1
kb-001,木更津沖堤防,f001,2024-07-22,20,40
kb-001,木更津沖堤防,f001,2024-07-23,,5
kb-001,木更津沖堤防,f001,2024-07-24,20,53
kb-001,木更津沖堤防,f001,2024-07-24,22,34
kb-001,木更津沖堤防,f001,2024-07-24,22,34
kb-001,木更津沖堤防,f001,2024-07-25,20,1
kb-001,木更津沖堤防,f001,2024-07-27,22,4
kb-001,木更津沖堤防,f001,2024-07-29,87,20
kb-001,木更津沖堤防,f001,2024-07-30,19,83
kb-001,木更津沖堤防,f001,2024-08-05,,40
kb-001,木更津沖堤防,f001,2024-08-06,23,1
kb-001,木更津沖堤防,f001,2024-08-06,21,1
kb-001,木更津沖堤防,f001,2024-08-06,22,35
kb-001,木更津沖堤防,f001,2024-08-05,,1
kb-001,木更津沖堤防,f001,2024-08-07,21,12
kb-001,木更津沖堤防,f001,2024-08-08,,1
kb-001,木更津沖堤防,f001,2024-08-10,,15
kb-001,木更津沖堤防,f001,2024-08-12,21,26
kb-001,木更津沖堤防,f001,2024-08-19,25,50
kb-001,木更津沖堤防,f001,2024-08-20,15,1
kb-001,木更津沖堤防,f001,2024-08-27,13,9
kb-001,木更津沖堤防,f001,2024-09-02,20,1
kb-001,木更津沖堤防,f001,2024-09-01,20,50
kb-001,木更津沖堤防,f001,2024-09-02,23,41
kb-001,木更津沖堤防,f001,2024-09-13,14,4
kb-001,木更津沖堤防,f001,2024-09-15,20,18
kb-001,木更津沖堤防,f001,2024-09-16,,1
kb-001,木更津沖堤防,f001,2024-09-17,22,13
kb-001,木更津沖堤防,f001,2024-09-16,25,70
kb-001,木更津沖堤防,f001,2024-09-21,,37
kb-001,木更津沖堤防,f001,2024-09-23,23,13
kb-001,木更津沖堤防,f001,2024-09-23,,1
kb-001,木更津沖堤防,f001,2024-10-03,,10
kb-001,木更津沖堤防,f001,2024-10-03,22,14
kb-001,木更津沖堤防,f001,2024-09-30,22,3
kb-001,木更津沖堤防,f001,2024-10-08,,5
kb-001,木更津沖堤防,f001,2024-10-14,25,14
kb-001,木更津沖堤防,f001,2024-10-14,20,20
kb-001,木更津沖堤防,f001,2024-10-14,22,10
kb-001,木更津沖堤防,f001,2024-10-21,20,20
kb-001,木更津沖堤防,f001,2024-10-28,23,50
kb-001,木更津沖堤防,f001,2024-11-03,25,7
kb-001,木更津沖堤防,f001,2024-11-05,21,1
kb-001,木更津沖堤防,f001,2024-11-16,20,15
kb-001,木更津沖堤防,f001,2024-11-14,,1
kb-001,木更津沖堤防,f001,2024-11-23,15,60
kb-001,木更津沖堤防,f001,2024-12-02,,1
kb-001,木更津沖堤防,f001,2024-12-02,20,10
kb-001,木更津沖堤防,f001,2024-12-10,,1
kb-001,木更津沖堤防,f001,2024-12-26,,1
kb-001,木更津沖堤防,f001,2024-01-05,20,1
kb-001,木更津沖堤防,f001,2024-04-14,20,1
kb-001,木更津沖堤防,f001,2024-06-09,20,1
kb-001,木更津沖堤防,f001,2024-07-15,,1
kb-001,木更津沖堤防,f001,2024-07-28,22,1
kb-001,木更津沖堤防,f001,2024-08-08,20,14
kb-001,木更津沖堤防,f001,2024-08-24,,30
kb-001,木更津沖堤防,f001,2024-10-05,23,1
kb-001,木更津沖堤防,f001,2024-10-17,,3
kb-001,木更津沖堤防,f001,2024-10-18,30,40
kb-001,木更津沖堤防,f001,2024-09-19,,1
kb-001,木更津沖堤防,f001,2024-10-28,23,1
kb-001,木更津沖堤防,f001,2024-10-27,20,6
kb-001,木更津沖堤防,f001,2024-10-31,30,1
kb-001,木更津沖堤防,f001,2024-10-31,25,45
kb-001,木更津沖堤防,f001,2024-10-31,25,45
kb-001,木更津沖堤防,f001,2024-11-03,,1
kb-001,木更津沖堤防,f001,2024-11-08,22,13
kb-001,木更津沖堤防,f001,2024-11-08,22,13
kb-001,木更津沖堤防,f001,2024-11-09,25,79
kb-001,木更津沖堤防,f001,2024-12-01,19,5
kb-001,木更津沖堤防,f001,2024-12-07,23,45
kb-001,木更津沖堤防,f001,2024-12-07,23,25
kb-001,木更津沖堤防,f001,2025-03-29,41,20
kb-001,木更津沖堤防,f001,2025-03-29,55,3
kb-001,木更津沖堤防,f001,2025-04-05,24,10
kb-001,木更津沖堤防,f001,2025-04-29,,31
kb-001,木更津沖堤防,f001,2025-05-26,23.5,1
kb-001,木更津沖堤防,f001,2025-07-06,,1
kb-001,木更津沖堤防,f001,2025-07-17,,1
kb-001,木更津沖堤防,f001,2025-06-13,13,16
kb-001,木更津沖堤防,f001,2023-08-27,15,15
kb-001,木更津沖堤防,f001,2023-09-23,15,25
kb-001,木更津沖堤防,f001,2024-11-04,20,20
kb-001,木更津沖堤防,f040,2025-05-31,19,1
kb-001,木更津沖堤防,f040,2023-06-05,,1
kb-001,木更津沖堤防,f040,2023-11-20,,1
kb-001,木更津沖堤防,f040,2024-06-10,,1
kb-001,木更津沖堤防,f040,2025-05-11,,1
kb-001,木更津沖堤防,f040,2025-05-13,,1
kb-001,木更津沖堤防,f040,2025-06-08,,1
kb-001,木更津沖堤防,f011,2024-10-14,,20
kb-001,木更津沖堤防,f004,2025-11-05,,1
kb-001,木更津沖堤防,f004,2025-11-23,,46
kb-001,木更津沖堤防,f004,2023-06-18,10,40
kb-001,木更津沖堤防,f015,2024-05-30,45,1
kb-001,木更津沖堤防,f016,2025-09-23,15,2
kb-001,木更津沖堤防,f016,2025-10-09,25,1
kb-001,木更津沖堤防,f016,2023-07-03,20,2
kb-001,木更津沖堤防,f016,2023-04-22,25,1
kb-001,木更津沖堤防,f016,2023-10-15,20,1
kb-001,木更津沖堤防,f016,2023-12-10,,4
kb-001,木更津沖堤防,f016,2024-04-21,,1
kb-001,木更津沖堤防,f016,2024-10-14,20,1
kb-001,木更津沖堤防,f016,2024-10-14,20,2
kb-001,木更津沖堤防,f016,2024-11-19,,1
kb-001,木更津沖堤防,f016,2023-04-19,,10
kb-001,木更津沖堤防,f017,2025-07-10,,1
kb-001,木更津沖堤防,f017,2023-07-23,,1
kb-001,木更津沖堤防,f017,2024-11-04,,1
kb-001,木更津沖堤防,f017,2025-04-26,,1
kb-001,木更津沖堤防,f018,2023-09-22,30,1
kb-001,木更津沖堤防,f018,2023-10-12,40,1
kb-001,木更津沖堤防,f018,2025-09-24,50,1
kb-001,木更津沖堤防,f018,2025-10-09,10,1
kb-001,木更津沖堤防,f018,2025-10-24,,1
kb-001,木更津沖堤防,f018,2023-07-30,25,1
kb-001,木更津沖堤防,f018,2023-10-23,50,1
kb-001,木更津沖堤防,f018,2024-09-27,,1
kb-001,木更津沖堤防,f018,2024-11-21,,1
kb-001,木更津沖堤防,f018,2024-11-04,45,1
kb-001,木更津沖堤防,f018,2024-10-13,10,1
kb-001,木更津沖堤防,f019,2023-06-17,20,1
kb-001,木更津沖堤防,f019,2023-12-06,30,1
kb-001,木更津沖堤防,f019,2023-12-13,,1
kb-001,木更津沖堤防,f019,2025-04-24,15,1
kb-001,木更津沖堤防,f019,2025-07-10,27,1
kb-001,木更津沖堤防,f019,2025-07-30,,1
kb-001,木更津沖堤防,f019,2025-09-11,10,1
kb-001,木更津沖堤防,f019,2025-09-22,,10
kb-001,木更津沖堤防,f019,2025-09-23,10,2
kb-001,木更津沖堤防,f019,2025-10-03,10,1
kb-001,木更津沖堤防,f019,2025-12-04,26,1
kb-001,木更津沖堤防,f019,2025-12-12,20,5
kb-001,木更津沖堤防,f019,2023-05-01,,2
kb-001,木更津沖堤防,f019,2023-05-26,16,1
kb-001,木更津沖堤防,f019,2023-05-26,12,1
kb-001,木更津沖堤防,f019,2025-10-06,25,1
kb-001,木更津沖堤防,f019,2023-07-18,15,1
kb-001,木更津沖堤防,f019,2023-07-30,15,1
kb-001,木更津沖堤防,f019,2023-08-06,25,1
kb-001,木更津沖堤防,f019,2023-08-15,18,1
kb-001,木更津沖堤防,f019,2023-08-21,20,1
kb-001,木更津沖堤防,f019,2023-08-21,20,2
kb-001,木更津沖堤防,f019,2023-08-27,20,1
kb-001,木更津沖堤防,f019,2023-08-27,25,6
kb-001,木更津沖堤防,f019,2023-08-09,23,6
kb-001,木更津沖堤防,f019,2023-10-08,20,2
kb-001,木更津沖堤防,f019,2023-10-08,,1
kb-001,木更津沖堤防,f019,2023-10-16,20,1
kb-001,木更津沖堤防,f019,2023-10-30,24,1
kb-001,木更津沖堤防,f019,2023-11-12,15,1
kb-001,木更津沖堤防,f019,2023-11-19,15,1
kb-001,木更津沖堤防,f019,2023-11-20,18,1
kb-001,木更津沖堤防,f019,2023-12-03,5,1
kb-001,木更津沖堤防,f019,2024-01-21,20,1
kb-001,木更津沖堤防,f019,2024-04-13,20,1
kb-001,木更津沖堤防,f019,2024-04-23,,1
kb-001,木更津沖堤防,f019,2024-05-01,18,3
kb-001,木更津沖堤防,f019,2024-05-21,13,1
kb-001,木更津沖堤防,f019,2024-06-10,12,1
kb-001,木更津沖堤防,f019,2024-06-11,,1
kb-001,木更津沖堤防,f019,2024-07-17,20,2
kb-001,木更津沖堤防,f019,2024-08-06,14,2
kb-001,木更津沖堤防,f019,2024-08-26,,8
kb-001,木更津沖堤防,f019,2024-09-02,10,1
kb-001,木更津沖堤防,f019,2024-09-03,25,12
kb-001,木更津沖堤防,f019,2024-09-16,22,1
kb-001,木更津沖堤防,f019,2024-09-17,25,7
kb-001,木更津沖堤防,f019,2024-09-17,25,15
kb-001,木更津沖堤防,f019,2024-09-23,22,1
kb-001,木更津沖堤防,f019,2024-09-27,15,2
kb-001,木更津沖堤防,f019,2024-09-30,,1
kb-001,木更津沖堤防,f019,2024-09-30,20,2
kb-001,木更津沖堤防,f019,2024-10-14,24,5
kb-001,木更津沖堤防,f019,2024-11-03,27,7
kb-001,木更津沖堤防,f019,2024-09-16,20,1
kb-001,木更津沖堤防,f019,2024-12-27,,1
kb-001,木更津沖堤防,f019,2024-10-28,,4
kb-001,木更津沖堤防,f019,2024-01-05,25,1
kb-001,木更津沖堤防,f019,2024-07-21,21,3
kb-001,木更津沖堤防,f019,2024-08-04,23,8
kb-001,木更津沖堤防,f019,2025-05-11,,1
kb-001,木更津沖堤防,f019,2025-05-13,20,1
kb-001,木更津沖堤防,f019,2024-08-28,25,1
kb-001,木更津沖堤防,f019,2024-11-04,18,1
kb-001,木更津沖堤防,f003,2023-11-08,,1
kb-001,木更津沖堤防,f003,2025-06-06,,1
kb-001,木更津沖堤防,f003,2025-08-28,19,33
kb-001,木更津沖堤防,f003,2025-09-04,,1
kb-001,木更津沖堤防,f003,2023-06-04,,2
kb-001,木更津沖堤防,f003,2023-07-18,19,1
kb-001,木更津沖堤防,f003,2023-08-23,,1
kb-001,木更津沖堤防,f003,2023-11-20,41,1
kb-001,木更津沖堤防,f003,2024-07-23,37,1
kb-001,木更津沖堤防,f003,2024-09-17,12,1
kb-001,木更津沖堤防,f005,2025-05-04,45,1
kb-001,木更津沖堤防,f005,2023-01-09,48,3
kb-001,木更津沖堤防,f005,2023-07-18,10,1
kb-001,木更津沖堤防,f005,2024-03-11,20,1
kb-001,木更津沖堤防,f005,2024-03-21,,1
kb-001,木更津沖堤防,f012,2023-09-16,,1
kb-001,木更津沖堤防,f012,2023-10-15,20,4
kb-001,木更津沖堤防,f012,2023-10-15,,3
kb-001,木更津沖堤防,f012,2023-11-08,18,5
kb-001,木更津沖堤防,f012,2025-09-13,,7
kb-001,木更津沖堤防,f012,2025-09-22,,20
kb-001,木更津沖堤防,f012,2025-09-23,15,17
kb-001,木更津沖堤防,f012,2025-09-23,,1
kb-001,木更津沖堤防,f012,2025-10-03,,1
kb-001,木更津沖堤防,f012,2025-10-09,15,1
kb-001,木更津沖堤防,f012,2025-10-09,20,2
kb-001,木更津沖堤防,f012,2025-10-15,,3
kb-001,木更津沖堤防,f012,2023-09-20,15,1
kb-001,木更津沖堤防,f012,2023-09-13,,1
kb-001,木更津沖堤防,f012,2023-09-17,,1
kb-001,木更津沖堤防,f012,2023-09-17,,30
kb-001,木更津沖堤防,f012,2023-10-15,20,8
kb-001,木更津沖堤防,f012,2023-10-15,20,1
kb-001,木更津沖堤防,f012,2023-10-15,,20
kb-001,木更津沖堤防,f012,2023-10-23,20,5
kb-001,木更津沖堤防,f012,2023-10-28,,3
kb-001,木更津沖堤防,f012,2023-10-15,,20
kb-001,木更津沖堤防,f012,2023-09-28,,10
kb-001,木更津沖堤防,f012,2023-10-02,15,1
kb-001,木更津沖堤防,f012,2025-10-24,15,2
kb-001,木更津沖堤防,f012,2025-10-09,15,8
kb-001,木更津沖堤防,f012,2023-10-24,15,15
kb-001,木更津沖堤防,f012,2024-11-10,21,8
kb-001,木更津沖堤防,f012,2024-09-17,16,11
kb-001,木更津沖堤防,f012,2024-10-06,26,25
kb-001,木更津沖堤防,f012,2024-10-12,,1
kb-001,木更津沖堤防,f012,2024-09-29,20,6
kb-001,木更津沖堤防,f012,2024-09-29,,3
kb-001,木更津沖堤防,f020,2023-08-16,19,14
kb-001,木更津沖堤防,f020,2025-04-24,,1
kb-001,木更津沖堤防,f020,2025-05-04,17,2
kb-001,木更津沖堤防,f020,2025-06-11,20,2
kb-001,木更津沖堤防,f020,2025-07-22,,1
kb-001,木更津沖堤防,f020,2025-07-22,20,3
kb-001,木更津沖堤防,f020,2025-10-09,20,2
kb-001,木更津沖堤防,f020,2025-05-17,15,18
kb-001,木更津沖堤防,f020,2023-05-02,15,26
kb-001,木更津沖堤防,f020,2023-05-04,,1
kb-001,木更津沖堤防,f020,2023-05-05,13,2
kb-001,木更津沖堤防,f020,2023-05-20,12,4
kb-001,木更津沖堤防,f020,2023-05-25,,1
kb-001,木更津沖堤防,f020,2023-06-11,15,10
kb-001,木更津沖堤防,f020,2023-06-18,16,6
kb-001,木更津沖堤防,f020,2023-07-03,21,11
kb-001,木更津沖堤防,f020,2023-07-10,21,39
kb-001,木更津沖堤防,f020,2023-07-18,15,12
kb-001,木更津沖堤防,f020,2023-07-13,25,50
kb-001,木更津沖堤防,f020,2023-07-23,,1
kb-001,木更津沖堤防,f020,2023-08-02,,8
kb-001,木更津沖堤防,f020,2023-08-21,18,6
kb-001,木更津沖堤防,f020,2023-08-24,15,5
kb-001,木更津沖堤防,f020,2023-08-23,15,6
kb-001,木更津沖堤防,f020,2023-09-25,,1
kb-001,木更津沖堤防,f020,2023-09-20,,6
kb-001,木更津沖堤防,f020,2023-10-08,20,12
kb-001,木更津沖堤防,f020,2023-08-22,,19
kb-001,木更津沖堤防,f020,2024-04-23,20,14
kb-001,木更津沖堤防,f020,2024-05-21,19,4
kb-001,木更津沖堤防,f020,2024-05-27,,1
kb-001,木更津沖堤防,f020,2024-06-04,24,7
kb-001,木更津沖堤防,f020,2024-06-26,,11
kb-001,木更津沖堤防,f020,2024-07-17,15,1
kb-001,木更津沖堤防,f020,2024-07-30,,1
kb-001,木更津沖堤防,f020,2024-08-06,16,2
kb-001,木更津沖堤防,f020,2024-08-18,,32
kb-001,木更津沖堤防,f020,2024-08-19,23,23
kb-001,木更津沖堤防,f020,2024-09-16,,1
kb-001,木更津沖堤防,f020,2024-09-17,22,11
kb-001,木更津沖堤防,f020,2024-09-30,21,1
kb-001,木更津沖堤防,f020,2023-05-15,15,10
kb-001,木更津沖堤防,f020,2024-10-14,21,10
kb-001,木更津沖堤防,f020,2024-06-24,15,9
kb-001,木更津沖堤防,f020,2024-06-15,20,1
kb-001,木更津沖堤防,f020,2024-07-20,22,14
kb-001,木更津沖堤防,f020,2024-07-21,18,30
kb-001,木更津沖堤防,f020,2024-07-20,10,1
kb-001,木更津沖堤防,f020,2024-08-04,25,1
kb-001,木更津沖堤防,f020,2024-08-10,24,1
kb-001,木更津沖堤防,f020,2024-08-11,,18
kb-001,木更津沖堤防,f020,2024-09-06,,1
kb-001,木更津沖堤防,f020,2024-09-21,,48
kb-001,木更津沖堤防,f020,2024-09-29,18,19
kb-001,木更津沖堤防,f020,2025-04-26,21,31
kb-001,木更津沖堤防,f020,2025-05-05,,1
kb-001,木更津沖堤防,f020,2025-05-13,12,1
kb-001,木更津沖堤防,f020,2025-05-15,17,1
kb-001,木更津沖堤防,f020,2025-06-14,18,1
kb-001,木更津沖堤防,f020,2025-06-08,,1
kb-001,木更津沖堤防,f020,2025-07-21,15,14
kb-001,木更津沖堤防,f020,2025-08-03,,44
kb-001,木更津沖堤防,f020,2025-08-09,,15
kb-001,木更津沖堤防,f021,2023-05-31,67,1
kb-001,木更津沖堤防,f021,2023-07-03,36,1
kb-001,木更津沖堤防,f021,2023-08-17,40,1
kb-001,木更津沖堤防,f021,2023-11-15,40,1
kb-001,木更津沖堤防,f021,2025-05-11,60,1
kb-001,木更津沖堤防,f021,2025-05-15,43,1
kb-001,木更津沖堤防,f021,2023-08-29,53,1
kb-001,木更津沖堤防,f021,2025-07-11,50,3
kb-001,木更津沖堤防,f021,2025-07-31,53,1
kb-001,木更津沖堤防,f021,2025-09-11,,1
kb-001,木更津沖堤防,f021,2023-04-20,63,1
kb-001,木更津沖堤防,f021,2023-05-05,10,2
kb-001,木更津沖堤防,f021,2023-04-24,,14
kb-001,木更津沖堤防,f021,2023-05-07,50,1
kb-001,木更津沖堤防,f021,2023-05-29,53,1
kb-001,木更津沖堤防,f021,2023-06-05,32,1
kb-001,木更津沖堤防,f021,2023-06-17,50,1
kb-001,木更津沖堤防,f021,2023-07-02,,1
kb-001,木更津沖堤防,f021,2023-07-03,50,6
kb-001,木更津沖堤防,f021,2023-07-25,52,1
kb-001,木更津沖堤防,f021,2023-08-08,60,1
kb-001,木更津沖堤防,f021,2023-08-21,50,1
kb-001,木更津沖堤防,f021,2023-08-23,48,1
kb-001,木更津沖堤防,f021,2023-08-23,35,1
kb-001,木更津沖堤防,f021,2023-08-27,,1
kb-001,木更津沖堤防,f021,2023-10-08,,1
kb-001,木更津沖堤防,f021,2023-10-23,35,1
kb-001,木更津沖堤防,f021,2023-10-30,50,1
kb-001,木更津沖堤防,f021,2023-11-12,55,1
kb-001,木更津沖堤防,f021,2023-11-26,55,1
kb-001,木更津沖堤防,f021,2023-12-07,,1
kb-001,木更津沖堤防,f021,2024-06-17,42,1
kb-001,木更津沖堤防,f021,2024-06-18,40,1
kb-001,木更津沖堤防,f021,2024-06-27,61,1
kb-001,木更津沖堤防,f021,2024-07-05,48,1
kb-001,木更津沖堤防,f021,2024-07-08,,1
kb-001,木更津沖堤防,f021,2024-06-18,55,1
kb-001,木更津沖堤防,f021,2024-07-17,20,1
kb-001,木更津沖堤防,f021,2024-07-23,35,2
kb-001,木更津沖堤防,f021,2024-07-24,28,1
kb-001,木更津沖堤防,f021,2024-07-30,,1
kb-001,木更津沖堤防,f021,2024-09-16,20,1
kb-001,木更津沖堤防,f021,2025-08-28,30,1
kb-001,木更津沖堤防,f021,2024-10-25,45,1
kb-001,木更津沖堤防,f021,2024-11-03,38,1
kb-001,木更津沖堤防,f021,2024-11-03,,1
kb-001,木更津沖堤防,f021,2024-11-12,30,1
kb-001,木更津沖堤防,f021,2024-12-22,55,1
kb-001,木更津沖堤防,f021,2024-05-03,45,1
kb-001,木更津沖堤防,f021,2024-05-05,51,1
kb-001,木更津沖堤防,f021,2024-06-14,60,7
kb-001,木更津沖堤防,f021,2024-06-15,57,1
kb-001,木更津沖堤防,f021,2024-06-15,32,1
kb-001,木更津沖堤防,f021,2024-06-15,37,1
kb-001,木更津沖堤防,f021,2024-06-15,55,1
kb-001,木更津沖堤防,f021,2024-06-19,40,1
kb-001,木更津沖堤防,f021,2024-06-22,,1
kb-001,木更津沖堤防,f021,2024-06-22,,1
kb-001,木更津沖堤防,f021,2024-06-22,,1
kb-001,木更津沖堤防,f021,2024-07-15,40,2
kb-001,木更津沖堤防,f021,2024-07-10,42,2
kb-001,木更津沖堤防,f021,2024-07-22,,1
kb-001,木更津沖堤防,f021,2024-07-22,50,1
kb-001,木更津沖堤防,f021,2024-07-31,38,1
kb-001,木更津沖堤防,f021,2024-07-31,49,1
kb-001,木更津沖堤防,f021,2024-08-03,47,1
kb-001,木更津沖堤防,f021,2024-08-18,,1
kb-001,木更津沖堤防,f021,2024-11-09,45,1
kb-001,木更津沖堤防,f021,2024-12-10,43,1
kb-001,木更津沖堤防,f021,2025-04-19,46,2
kb-001,木更津沖堤防,f021,2025-04-29,47,1
kb-001,木更津沖堤防,f021,2025-04-19,49,1
kb-001,木更津沖堤防,f021,2025-06-12,54,1
kb-001,木更津沖堤防,f021,2025-06-17,57,1
kb-001,木更津沖堤防,f021,2025-06-24,48,1
kb-001,木更津沖堤防,f021,2025-06-24,45,1
kb-001,木更津沖堤防,f021,2025-07-29,,3
kb-001,木更津沖堤防,f021,2025-08-03,30,1
kb-001,木更津沖堤防,f021,2025-08-06,45,1
kb-001,木更津沖堤防,f002,2023-07-24,,10
kb-001,木更津沖堤防,f002,2023-09-19,,1
kb-001,木更津沖堤防,f002,2025-07-23,15,1
kb-001,木更津沖堤防,f002,2025-09-24,24,2
kb-001,木更津沖堤防,f002,2025-09-24,25,3
kb-001,木更津沖堤防,f002,2025-09-24,28,15
kb-001,木更津沖堤防,f002,2025-12-02,,1
kb-001,木更津沖堤防,f002,2023-06-18,19,1
kb-001,木更津沖堤防,f002,2023-07-03,20,1
kb-001,木更津沖堤防,f002,2024-09-23,20,1
kb-001,木更津沖堤防,f002,2024-10-24,22,1
kb-001,木更津沖堤防,f002,2024-11-05,25,1
kb-001,木更津沖堤防,f002,2024-10-12,25,1
kb-001,木更津沖堤防,f002,2024-11-16,25,1
kb-001,木更津沖堤防,f022,2023-07-31,,1
kb-001,木更津沖堤防,f022,2025-05-11,72,1
kb-001,木更津沖堤防,f022,2023-05-05,110,1
kb-001,木更津沖堤防,f022,2023-06-18,120,1
kb-001,木更津沖堤防,f022,2023-06-18,70,1
kb-001,木更津沖堤防,f022,2023-12-09,136,1
kb-001,木更津沖堤防,f022,2023-12-09,70,1
kb-001,木更津沖堤防,f022,2024-02-05,,15
kb-001,木更津沖堤防,f022,2024-06-04,120,1
kb-001,木更津沖堤防,f022,2024-07-17,110,1
kb-001,木更津沖堤防,f022,2024-08-05,45,1
kb-001,木更津沖堤防,f022,2024-09-20,,1
kb-001,木更津沖堤防,f022,2024-10-14,80,1
kb-001,木更津沖堤防,f022,2024-10-21,100,1
kb-001,木更津沖堤防,f022,2024-10-28,,1
kb-001,木更津沖堤防,f022,2024-11-04,130,1
kb-001,木更津沖堤防,f022,2024-11-23,58,1
kb-001,木更津沖堤防,f022,2024-06-05,120,1
kb-001,木更津沖堤防,f022,2024-08-25,150,1
kb-001,木更津沖堤防,f022,2024-10-07,140,1
kb-001,木更津沖堤防,f022,2024-10-23,142,1
kb-001,木更津沖堤防,f022,2024-11-04,120,1
kb-001,木更津沖堤防,f022,2024-11-16,40,1
kb-001,木更津沖堤防,f022,2025-08-14,,2
kb-001,木更津沖堤防,f023,2025-11-04,93,1
kb-001,木更津沖堤防,f023,2025-12-06,80,7
kb-001,木更津沖堤防,f023,2025-11-21,,1
kb-001,木更津沖堤防,f023,2023-11-22,105,1
kb-001,木更津沖堤防,f023,2024-07-08,80,1
kb-001,木更津沖堤防,f023,2024-10-15,85,1
kb-001,木更津沖堤防,f023,2024-10-18,92,1
kb-001,木更津沖堤防,f023,2024-10-18,87,1
kb-001,木更津沖堤防,f023,2024-11-04,100,1
kb-001,木更津沖堤防,f023,2024-11-14,79,1
kb-001,木更津沖堤防,f023,2024-12-01,79,1
kb-001,木更津沖堤防,f023,2024-12-01,95,1
kb-001,木更津沖堤防,f023,2024-12-03,98,1
kb-001,木更津沖堤防,f023,2024-10-23,60,1
kb-001,木更津沖堤防,f024,2023-10-12,25,1
kb-001,木更津沖堤防,f024,2025-06-11,20,1
kb-001,木更津沖堤防,f024,2025-06-11,20,2
kb-001,木更津沖堤防,f024,2023-06-05,23,1
kb-001,木更津沖堤防,f024,2023-08-05,,1
kb-001,木更津沖堤防,f024,2023-08-08,,20
kb-001,木更津沖堤防,f024,2023-08-27,,6
kb-001,木更津沖堤防,f024,2024-01-08,,1
kb-001,木更津沖堤防,f024,2024-06-04,26,1
kb-001,木更津沖堤防,f024,2024-08-05,25,1
kb-001,木更津沖堤防,f024,2024-12-25,22,3
kb-001,木更津沖堤防,f024,2024-06-15,25,1
kb-001,木更津沖堤防,f024,2024-07-21,25,6
kb-001,木更津沖堤防,f025,2025-08-04,65,3
kb-001,木更津沖堤防,f025,2025-11-16,65,2
kb-001,木更津沖堤防,f025,2025-11-27,70,1
kb-001,木更津沖堤防,f025,2025-12-11,70,4
kb-001,木更津沖堤防,f025,2023-01-04,66,1
kb-001,木更津沖堤防,f025,2023-01-11,75,1
kb-001,木更津沖堤防,f025,2023-01-11,53,1
kb-001,木更津沖堤防,f025,2023-01-24,67,1
kb-001,木更津沖堤防,f025,2023-01-22,70,2
kb-001,木更津沖堤防,f025,2023-01-07,68,4
kb-001,木更津沖堤防,f025,2023-02-20,77,1
kb-001,木更津沖堤防,f025,2023-03-15,45,1
kb-001,木更津沖堤防,f025,2023-06-08,35,1
kb-001,木更津沖堤防,f025,2023-06-08,40,1
kb-001,木更津沖堤防,f025,2023-06-08,35,1
kb-001,木更津沖堤防,f025,2023-06-09,,4
kb-001,木更津沖堤防,f025,2023-06-08,35,8
kb-001,木更津沖堤防,f025,2023-06-18,34,1
kb-001,木更津沖堤防,f025,2023-06-21,40,1
kb-001,木更津沖堤防,f025,2023-07-03,38,1
kb-001,木更津沖堤防,f025,2023-08-02,70,3
kb-001,木更津沖堤防,f025,2023-09-19,,1
kb-001,木更津沖堤防,f025,2023-09-13,61,1
kb-001,木更津沖堤防,f025,2023-10-12,38,1
kb-001,木更津沖堤防,f025,2023-09-13,60,1
kb-001,木更津沖堤防,f025,2023-11-02,45,2
kb-001,木更津沖堤防,f025,2023-11-02,35,1
kb-001,木更津沖堤防,f025,2023-11-02,40,1
kb-001,木更津沖堤防,f025,2023-11-02,45,1
kb-001,木更津沖堤防,f025,2023-11-02,45,2
kb-001,木更津沖堤防,f025,2023-10-03,75,1
kb-001,木更津沖堤防,f025,2023-11-05,40,1
kb-001,木更津沖堤防,f025,2023-11-16,40,1
kb-001,木更津沖堤防,f025,2023-11-29,53,1
kb-001,木更津沖堤防,f025,2023-12-06,67,1
kb-001,木更津沖堤防,f025,2023-12-11,79,1
kb-001,木更津沖堤防,f025,2023-12-12,42,1
kb-001,木更津沖堤防,f025,2023-12-18,60,1
kb-001,木更津沖堤防,f025,2025-01-04,,1
kb-001,木更津沖堤防,f025,2025-01-17,70,1
kb-001,木更津沖堤防,f025,2025-02-12,80,1
kb-001,木更津沖堤防,f025,2025-03-17,58,1
kb-001,木更津沖堤防,f025,2025-04-15,80,6
kb-001,木更津沖堤防,f025,2025-04-20,43,1
kb-001,木更津沖堤防,f025,2025-04-20,58,1
kb-001,木更津沖堤防,f025,2025-04-23,68,1
kb-001,木更津沖堤防,f025,2025-06-13,55,20
kb-001,木更津沖堤防,f025,2025-05-14,24,1
kb-001,木更津沖堤防,f025,2025-06-20,25,1
kb-001,木更津沖堤防,f025,2025-08-01,30,1
kb-001,木更津沖堤防,f025,2025-05-30,50,1
kb-001,木更津沖堤防,f025,2025-08-12,,1
kb-001,木更津沖堤防,f025,2023-11-29,58,1
kb-001,木更津沖堤防,f025,2025-09-08,72,1
kb-001,木更津沖堤防,f025,2025-09-26,63,1
kb-001,木更津沖堤防,f025,2025-09-29,65,1
kb-001,木更津沖堤防,f025,2025-10-10,20,1
kb-001,木更津沖堤防,f025,2025-11-04,54,1
kb-001,木更津沖堤防,f025,2025-11-07,68,2
kb-001,木更津沖堤防,f025,2025-10-20,40,1
kb-001,木更津沖堤防,f025,2025-11-14,78,1
kb-001,木更津沖堤防,f025,2025-11-14,48,1
kb-001,木更津沖堤防,f025,2025-11-14,50,1
kb-001,木更津沖堤防,f025,2025-11-15,70,13
kb-001,木更津沖堤防,f025,2025-11-14,,3
kb-001,木更津沖堤防,f025,2025-11-16,78,1
kb-001,木更津沖堤防,f025,2025-11-21,73,2
kb-001,木更津沖堤防,f025,2025-11-26,50,1
kb-001,木更津沖堤防,f025,2025-12-02,60,1
kb-001,木更津沖堤防,f025,2025-12-02,65,1
kb-001,木更津沖堤防,f025,2025-12-02,65,1
kb-001,木更津沖堤防,f025,2025-12-02,69,1
kb-001,木更津沖堤防,f025,2025-12-03,50,1
kb-001,木更津沖堤防,f025,2025-12-06,,3
kb-001,木更津沖堤防,f025,2025-12-09,,1
kb-001,木更津沖堤防,f025,2025-12-12,,1
kb-001,木更津沖堤防,f025,2025-12-22,67,1
kb-001,木更津沖堤防,f025,2023-01-02,38,1
kb-001,木更津沖堤防,f025,2025-05-01,66,1
kb-001,木更津沖堤防,f025,2023-01-20,60,1
kb-001,木更津沖堤防,f025,2023-03-21,53,1
kb-001,木更津沖堤防,f025,2023-04-18,60,1
kb-001,木更津沖堤防,f025,2025-12-29,71,1
kb-001,木更津沖堤防,f025,2023-01-22,75,1
kb-001,木更津沖堤防,f025,2023-05-03,47,1
kb-001,木更津沖堤防,f025,2023-05-19,,1
kb-001,木更津沖堤防,f025,2023-06-04,55,1
kb-001,木更津沖堤防,f025,2023-06-05,55,1
kb-001,木更津沖堤防,f025,2023-06-11,66,1
kb-001,木更津沖堤防,f025,2023-06-17,52,1
kb-001,木更津沖堤防,f025,2023-06-23,50,1
kb-001,木更津沖堤防,f025,2023-08-22,,1
kb-001,木更津沖堤防,f025,2023-09-15,66,1
kb-001,木更津沖堤防,f025,2023-10-08,73,1
kb-001,木更津沖堤防,f025,2023-12-13,,1
kb-001,木更津沖堤防,f025,2023-10-23,57,1
kb-001,木更津沖堤防,f025,2023-10-23,46,1
kb-001,木更津沖堤防,f025,2023-10-23,54,1
kb-001,木更津沖堤防,f025,2023-10-23,50,1
kb-001,木更津沖堤防,f025,2023-10-23,47,1
kb-001,木更津沖堤防,f025,2023-10-23,65,1
kb-001,木更津沖堤防,f025,2023-10-27,,1
kb-001,木更津沖堤防,f025,2023-10-29,20,1
kb-001,木更津沖堤防,f025,2023-11-02,53,1
kb-001,木更津沖堤防,f025,2023-11-02,63,1
kb-001,木更津沖堤防,f025,2023-11-03,55,3
kb-001,木更津沖堤防,f025,2023-11-03,75,1
kb-001,木更津沖堤防,f025,2023-11-03,55,1
kb-001,木更津沖堤防,f025,2023-11-05,63,1
kb-001,木更津沖堤防,f025,2023-11-07,45,1
kb-001,木更津沖堤防,f025,2023-11-07,65,1
kb-001,木更津沖堤防,f025,2023-11-08,60,1
kb-001,木更津沖堤防,f025,2023-11-08,55,1
kb-001,木更津沖堤防,f025,2023-11-08,,1
kb-001,木更津沖堤防,f025,2023-11-09,60,1
kb-001,木更津沖堤防,f025,2023-11-09,60,1
kb-001,木更津沖堤防,f025,2023-11-09,20,1
kb-001,木更津沖堤防,f025,2023-11-10,67,1
kb-001,木更津沖堤防,f025,2023-11-07,20,1
kb-001,木更津沖堤防,f025,2023-11-10,79,1
kb-001,木更津沖堤防,f025,2023-11-11,62,1
kb-001,木更津沖堤防,f025,2023-11-12,56,1
kb-001,木更津沖堤防,f025,2023-11-12,70,1
kb-001,木更津沖堤防,f025,2023-11-12,,2
kb-001,木更津沖堤防,f025,2023-11-12,45,1
kb-001,木更津沖堤防,f025,2023-11-13,58,1
kb-001,木更津沖堤防,f025,2023-11-19,60,1
kb-001,木更津沖堤防,f025,2023-11-19,72,1
kb-001,木更津沖堤防,f025,2023-11-20,74,2
kb-001,木更津沖堤防,f025,2023-11-20,65,1
kb-001,木更津沖堤防,f025,2023-11-20,76,1
kb-001,木更津沖堤防,f025,2023-11-02,60,1
kb-001,木更津沖堤防,f025,2023-11-22,48,1
kb-001,木更津沖堤防,f025,2023-11-28,20,1
kb-001,木更津沖堤防,f025,2023-12-03,65,1
kb-001,木更津沖堤防,f025,2023-12-03,65,8
kb-001,木更津沖堤防,f025,2023-12-01,63,1
kb-001,木更津沖堤防,f025,2023-12-04,65,1
kb-001,木更津沖堤防,f025,2023-12-07,70,1
kb-001,木更津沖堤防,f025,2023-12-10,62,1
kb-001,木更津沖堤防,f025,2023-12-11,,1
kb-001,木更津沖堤防,f025,2023-12-13,65,1
kb-001,木更津沖堤防,f025,2023-12-15,65,1
kb-001,木更津沖堤防,f025,2023-10-29,60,1
kb-001,木更津沖堤防,f025,2023-12-20,40,1
kb-001,木更津沖堤防,f025,2023-12-28,77,1
kb-001,木更津沖堤防,f025,2023-12-28,73,1
kb-001,木更津沖堤防,f025,2023-07-10,65,1
kb-001,木更津沖堤防,f025,2024-02-17,83,1
kb-001,木更津沖堤防,f025,2024-03-20,60,15
kb-001,木更津沖堤防,f025,2024-04-13,,4
kb-001,木更津沖堤防,f025,2024-04-16,71,2
kb-001,木更津沖堤防,f025,2024-04-21,50,1
kb-001,木更津沖堤防,f025,2024-05-17,49,1
kb-001,木更津沖堤防,f025,2024-06-04,31,1
kb-001,木更津沖堤防,f025,2024-06-12,63,1
kb-001,木更津沖堤防,f025,2024-06-18,55,1
kb-001,木更津沖堤防,f025,2024-06-14,,1
kb-001,木更津沖堤防,f025,2024-06-20,66,1
kb-001,木更津沖堤防,f025,2024-06-21,44,1
kb-001,木更津沖堤防,f025,2023-11-07,55,1
kb-001,木更津沖堤防,f025,2025-12-04,60,1
kb-001,木更津沖堤防,f025,2024-09-29,65,1
kb-001,木更津沖堤防,f025,2024-09-30,82.1,1
kb-001,木更津沖堤防,f025,2024-10-03,54,1
kb-001,木更津沖堤防,f025,2024-10-03,,1
kb-001,木更津沖堤防,f025,2024-10-04,65,1
kb-001,木更津沖堤防,f025,2024-09-30,50,1
kb-001,木更津沖堤防,f025,2024-10-13,65,3
kb-001,木更津沖堤防,f025,2024-10-16,,1
kb-001,木更津沖堤防,f025,2024-10-17,67,4
kb-001,木更津沖堤防,f025,2024-10-21,,1
kb-001,木更津沖堤防,f025,2024-10-21,,1
kb-001,木更津沖堤防,f025,2024-10-21,60,1
kb-001,木更津沖堤防,f025,2024-10-24,71,2
kb-001,木更津沖堤防,f025,2024-10-25,76,3
kb-001,木更津沖堤防,f025,2024-10-15,57,1
kb-001,木更津沖堤防,f025,2024-11-14,66,1
kb-001,木更津沖堤防,f025,2024-11-16,60,1
kb-001,木更津沖堤防,f025,2024-11-19,74,1
kb-001,木更津沖堤防,f025,2024-11-19,63.4,2
kb-001,木更津沖堤防,f025,2024-11-21,60,1
kb-001,木更津沖堤防,f025,2024-11-21,61,1
kb-001,木更津沖堤防,f025,2024-11-22,68,1
kb-001,木更津沖堤防,f025,2024-11-27,,2
kb-001,木更津沖堤防,f025,2024-11-27,,1
kb-001,木更津沖堤防,f025,2024-11-29,70,1
kb-001,木更津沖堤防,f025,2024-11-29,61,1
kb-001,木更津沖堤防,f025,2024-12-01,68,6
kb-001,木更津沖堤防,f025,2024-12-01,76,6
kb-001,木更津沖堤防,f025,2024-12-01,61,6
kb-001,木更津沖堤防,f025,2024-12-01,66,6
kb-001,木更津沖堤防,f025,2024-12-02,70,1
kb-001,木更津沖堤防,f025,2024-12-02,62,1
kb-001,木更津沖堤防,f025,2024-12-02,85,4
kb-001,木更津沖堤防,f025,2024-12-02,61.5,1
kb-001,木更津沖堤防,f025,2024-12-04,67,1
kb-001,木更津沖堤防,f025,2024-12-04,40,1
kb-001,木更津沖堤防,f025,2024-12-04,58,1
kb-001,木更津沖堤防,f025,2024-12-05,68,1
kb-001,木更津沖堤防,f025,2024-12-05,65,1
kb-001,木更津沖堤防,f025,2024-12-08,76,2
kb-001,木更津沖堤防,f025,2024-12-08,30,1
kb-001,木更津沖堤防,f025,2024-12-10,61,1
kb-001,木更津沖堤防,f025,2024-12-09,75,2
kb-001,木更津沖堤防,f025,2024-12-08,70,1
kb-001,木更津沖堤防,f025,2024-12-11,67,1
kb-001,木更津沖堤防,f025,2024-12-11,,3
kb-001,木更津沖堤防,f025,2024-12-14,77,2
kb-001,木更津沖堤防,f025,2024-12-14,66,1
kb-001,木更津沖堤防,f025,2024-12-14,77,3
kb-001,木更津沖堤防,f025,2024-12-14,64,1
kb-001,木更津沖堤防,f025,2024-12-15,60,4
kb-001,木更津沖堤防,f025,2024-12-15,,1
kb-001,木更津沖堤防,f025,2024-12-15,,1
kb-001,木更津沖堤防,f025,2024-12-18,71,1
kb-001,木更津沖堤防,f025,2024-12-19,85,1
kb-001,木更津沖堤防,f025,2024-12-19,,3
kb-001,木更津沖堤防,f025,2024-12-20,40,1
kb-001,木更津沖堤防,f025,2024-12-19,68,1
kb-001,木更津沖堤防,f025,2024-12-19,65,1
kb-001,木更津沖堤防,f025,2024-12-19,60,1
kb-001,木更津沖堤防,f025,2024-12-09,,1
kb-001,木更津沖堤防,f025,2024-12-28,,1
kb-001,木更津沖堤防,f025,2024-12-28,65,1
kb-001,木更津沖堤防,f025,2024-12-09,80,1
kb-001,木更津沖堤防,f025,2024-01-05,45,1
kb-001,木更津沖堤防,f025,2024-01-09,59,1
kb-001,木更津沖堤防,f025,2024-06-14,50,1
kb-001,木更津沖堤防,f025,2024-06-15,28,1
kb-001,木更津沖堤防,f025,2023-10-21,,1
kb-001,木更津沖堤防,f025,2025-08-28,,1
kb-001,木更津沖堤防,f025,2024-10-13,48,1
kb-001,木更津沖堤防,f025,2024-10-13,80,2
kb-001,木更津沖堤防,f025,2024-10-16,75,1
kb-001,木更津沖堤防,f025,2024-10-16,70,1
kb-001,木更津沖堤防,f025,2024-10-17,,1
kb-001,木更津沖堤防,f025,2024-10-23,71,1
kb-001,木更津沖堤防,f025,2024-11-04,60,1
kb-001,木更津沖堤防,f025,2024-11-09,85,1
kb-001,木更津沖堤防,f025,2024-11-14,,1
kb-001,木更津沖堤防,f025,2024-11-15,55,1
kb-001,木更津沖堤防,f025,2024-11-22,,2
kb-001,木更津沖堤防,f025,2024-11-22,60,3
kb-001,木更津沖堤防,f025,2024-11-22,52,1
kb-001,木更津沖堤防,f025,2024-11-26,65,1
kb-001,木更津沖堤防,f025,2024-12-01,30,1
kb-001,木更津沖堤防,f025,2024-12-01,,1
kb-001,木更津沖堤防,f025,2024-12-01,42.5,5
kb-001,木更津沖堤防,f025,2024-12-01,43,6
kb-001,木更津沖堤防,f025,2025-01-03,73.5,1
kb-001,木更津沖堤防,f025,2025-01-02,64,1
kb-001,木更津沖堤防,f025,2025-01-11,82,1
kb-001,木更津沖堤防,f025,2025-03-01,50,3
kb-001,木更津沖堤防,f025,2025-04-21,41,1
kb-001,木更津沖堤防,f025,2025-04-26,,1
kb-001,木更津沖堤防,f025,2025-04-26,40,1
kb-001,木更津沖堤防,f025,2025-04-22,,1
kb-001,木更津沖堤防,f025,2024-11-24,47,1
kb-001,木更津沖堤防,f026,2023-01-02,,3
kb-001,木更津沖堤防,f026,2024-05-27,20,1
kb-001,木更津沖堤防,f026,2023-11-22,15,1
kb-001,木更津沖堤防,f007,2025-07-07,47.5,1
kb-001,木更津沖堤防,f007,2025-05-31,20,1
kb-001,木更津沖堤防,f007,2025-06-23,32,1
kb-001,木更津沖堤防,f007,2025-06-23,37.5,1
kb-001,木更津沖堤防,f007,2025-06-24,40,1
kb-001,木更津沖堤防,f007,2025-07-21,80,1
kb-001,木更津沖堤防,f007,2025-09-22,20,1
kb-001,木更津沖堤防,f007,2025-09-23,25,1
kb-001,木更津沖堤防,f007,2025-09-26,,1
kb-001,木更津沖堤防,f007,2025-12-10,52,1
kb-001,木更津沖堤防,f007,2023-08-03,35,3
kb-001,木更津沖堤防,f007,2023-09-03,,1
kb-001,木更津沖堤防,f007,2023-09-10,30,20
kb-001,木更津沖堤防,f007,2023-09-15,,3
kb-001,木更津沖堤防,f007,2025-11-06,,4
kb-001,木更津沖堤防,f007,2023-10-15,15,1
kb-001,木更津沖堤防,f007,2023-11-04,25,1
kb-001,木更津沖堤防,f007,2023-09-15,25,1
kb-001,木更津沖堤防,f007,2024-05-27,36,1
kb-001,木更津沖堤防,f007,2024-07-06,36,3
kb-001,木更津沖堤防,f007,2024-08-19,13,1
kb-001,木更津沖堤防,f007,2024-09-17,17,1
kb-001,木更津沖堤防,f007,2024-09-23,15,1
kb-001,木更津沖堤防,f007,2023-11-08,,1
kb-001,木更津沖堤防,f007,2024-09-04,,1
kb-001,木更津沖堤防,f007,2024-08-21,15,1
kb-001,木更津沖堤防,f007,2024-11-19,20,4
kb-001,木更津沖堤防,f007,2024-11-19,18,1
kb-001,木更津沖堤防,f007,2024-05-18,,1
kb-001,木更津沖堤防,f007,2024-10-17,15,2
kb-001,木更津沖堤防,f007,2024-11-26,50,1
kb-001,木更津沖堤防,f007,2025-04-21,45,1
kb-001,木更津沖堤防,f007,2025-04-22,40,1
kb-001,木更津沖堤防,f007,2025-06-07,,7
kb-001,木更津沖堤防,f007,2025-06-17,,1
kb-001,木更津沖堤防,f007,2025-04-27,40,1
kb-001,木更津沖堤防,f007,2024-08-05,37,1
kb-001,木更津沖堤防,f027,2025-10-30,,1
kb-001,木更津沖堤防,f027,2025-11-05,,1
kb-001,木更津沖堤防,f027,2023-06-24,,4
kb-001,木更津沖堤防,f027,2023-06-06,,1
kb-001,木更津沖堤防,f027,2023-09-27,,1
kb-001,木更津沖堤防,f027,2023-12-09,,1
kb-001,木更津沖堤防,f027,2025-06-11,,1
kb-001,木更津沖堤防,f027,2025-08-12,,1
kb-001,木更津沖堤防,f027,2025-08-23,,1
kb-001,木更津沖堤防,f027,2025-08-23,,1
kb-001,木更津沖堤防,f027,2025-02-08,60,1
kb-001,木更津沖堤防,f027,2025-10-16,54,1
kb-001,木更津沖堤防,f027,2025-11-04,54,1
kb-001,木更津沖堤防,f027,2025-11-09,,49
kb-001,木更津沖堤防,f027,2025-11-15,,1
kb-001,木更津沖堤防,f027,2025-11-16,,1
kb-001,木更津沖堤防,f027,2025-12-20,,1
kb-001,木更津沖堤防,f027,2025-07-30,,1
kb-001,木更津沖堤防,f027,2023-05-05,,1
kb-001,木更津沖堤防,f027,2023-06-19,,1
kb-001,木更津沖堤防,f027,2023-06-21,,5
kb-001,木更津沖堤防,f027,2023-07-23,,9
kb-001,木更津沖堤防,f027,2023-07-25,,1
kb-001,木更津沖堤防,f027,2023-07-29,,10
kb-001,木更津沖堤防,f027,2023-07-30,,2
kb-001,木更津沖堤防,f027,2023-07-31,,5
kb-001,木更津沖堤防,f027,2023-08-01,60,18
kb-001,木更津沖堤防,f027,2023-08-02,,4
kb-001,木更津沖堤防,f027,2023-08-19,,1
kb-001,木更津沖堤防,f027,2023-08-19,45,8
kb-001,木更津沖堤防,f027,2023-08-21,,10
kb-001,木更津沖堤防,f027,2023-08-22,65,8
kb-001,木更津沖堤防,f027,2023-08-15,,3
kb-001,木更津沖堤防,f027,2023-06-28,,1
kb-001,木更津沖堤防,f027,2023-10-08,,1
kb-001,木更津沖堤防,f027,2023-10-30,,1
kb-001,木更津沖堤防,f027,2023-11-28,,1
kb-001,木更津沖堤防,f027,2023-12-03,,1
kb-001,木更津沖堤防,f027,2023-10-30,,1
kb-001,木更津沖堤防,f027,2023-12-28,,1
kb-001,木更津沖堤防,f027,2023-09-07,,6
kb-001,木更津沖堤防,f027,2024-04-20,,1
kb-001,木更津沖堤防,f027,2024-05-03,,1
kb-001,木更津沖堤防,f027,2024-07-02,,1
kb-001,木更津沖堤防,f027,2024-07-16,,1
kb-001,木更津沖堤防,f027,2024-07-17,,1
kb-001,木更津沖堤防,f027,2024-07-18,,1
kb-001,木更津沖堤防,f027,2024-07-18,,3
kb-001,木更津沖堤防,f027,2024-07-23,,1
kb-001,木更津沖堤防,f027,2024-08-07,,1
kb-001,木更津沖堤防,f027,2024-08-08,,1
kb-001,木更津沖堤防,f027,2024-09-17,,1
kb-001,木更津沖堤防,f027,2024-09-30,,1
kb-001,木更津沖堤防,f027,2024-10-08,,1
kb-001,木更津沖堤防,f027,2024-10-17,,5
kb-001,木更津沖堤防,f027,2024-11-02,,1
kb-001,木更津沖堤防,f027,2024-11-19,,1
kb-001,木更津沖堤防,f027,2024-11-21,,1
kb-001,木更津沖堤防,f027,2024-11-23,,1
kb-001,木更津沖堤防,f027,2024-12-10,,1
kb-001,木更津沖堤防,f027,2024-12-23,,1
kb-001,木更津沖堤防,f027,2024-12-24,,2
kb-001,木更津沖堤防,f027,2024-01-03,,1
kb-001,木更津沖堤防,f027,2024-05-23,52,1
kb-001,木更津沖堤防,f027,2024-06-01,,2
kb-001,木更津沖堤防,f027,2024-06-06,,1
kb-001,木更津沖堤防,f027,2024-07-07,,4
kb-001,木更津沖堤防,f027,2024-07-24,,4
kb-001,木更津沖堤防,f027,2024-07-28,,5
kb-001,木更津沖堤防,f027,2024-08-05,,3
kb-001,木更津沖堤防,f027,2024-08-02,,2
kb-001,木更津沖堤防,f027,2024-08-11,,9
kb-001,木更津沖堤防,f027,2024-08-11,,1
kb-001,木更津沖堤防,f027,2024-08-21,,7
kb-001,木更津沖堤防,f027,2024-08-25,,5
kb-001,木更津沖堤防,f027,2024-09-08,,2
kb-001,木更津沖堤防,f027,2024-09-11,,1
kb-001,木更津沖堤防,f027,2024-09-16,,7
kb-001,木更津沖堤防,f027,2024-10-07,,12
kb-001,木更津沖堤防,f027,2024-10-13,,2
kb-001,木更津沖堤防,f027,2024-10-14,,2
kb-001,木更津沖堤防,f027,2024-10-16,,9
kb-001,木更津沖堤防,f027,2024-08-07,20,1
kb-001,木更津沖堤防,f027,2024-10-22,,3
kb-001,木更津沖堤防,f027,2024-10-22,,5
kb-001,木更津沖堤防,f027,2024-10-14,,1
kb-001,木更津沖堤防,f027,2024-11-02,,10
kb-001,木更津沖堤防,f027,2024-11-09,,1
kb-001,木更津沖堤防,f027,2024-11-15,,1
kb-001,木更津沖堤防,f027,2024-11-16,,3
kb-001,木更津沖堤防,f027,2024-11-16,,1
kb-001,木更津沖堤防,f027,2024-12-01,,1
kb-001,木更津沖堤防,f027,2024-12-01,,1
kb-001,木更津沖堤防,f027,2024-12-05,,1
kb-001,木更津沖堤防,f027,2024-12-11,,2
kb-001,木更津沖堤防,f027,2024-12-16,,1
kb-001,木更津沖堤防,f027,2024-11-25,,1
kb-001,木更津沖堤防,f027,2024-12-31,,1
kb-001,木更津沖堤防,f027,2024-12-04,,1
kb-001,木更津沖堤防,f027,2024-12-02,,1
kb-001,木更津沖堤防,f027,2024-11-25,,1
kb-001,木更津沖堤防,f027,2024-11-17,,1
kb-001,木更津沖堤防,f027,2025-03-15,,1
kb-001,木更津沖堤防,f027,2025-06-08,,1
kb-001,木更津沖堤防,f027,2025-06-14,,7
kb-001,木更津沖堤防,f027,2025-06-21,,4
kb-001,木更津沖堤防,f027,2025-06-28,,1
kb-001,木更津沖堤防,f027,2025-07-04,,1
kb-001,木更津沖堤防,f027,2025-07-05,,14
kb-001,木更津沖堤防,f027,2025-07-13,,4
kb-001,木更津沖堤防,f027,2025-07-20,,7
kb-001,木更津沖堤防,f027,2025-07-19,,1
kb-001,木更津沖堤防,f027,2025-08-03,,5
kb-001,木更津沖堤防,f027,2025-08-06,,1
kb-001,木更津沖堤防,f027,2025-08-09,,6
kb-001,木更津沖堤防,f027,2025-08-04,,1
kb-001,木更津沖堤防,f010,2023-10-03,100,1
kb-001,木更津沖堤防,f010,2023-10-12,91,1
kb-001,木更津沖堤防,f010,2023-10-12,100,1
kb-001,木更津沖堤防,f010,2023-10-12,101,1
kb-001,木更津沖堤防,f010,2023-10-26,123,1
kb-001,木更津沖堤防,f010,2023-11-02,108,4
kb-001,木更津沖堤防,f010,2023-11-05,103,1
kb-001,木更津沖堤防,f010,2023-11-05,101,1
kb-001,木更津沖堤防,f010,2023-11-16,97,1
kb-001,木更津沖堤防,f010,2023-11-16,100,1
kb-001,木更津沖堤防,f010,2023-11-22,81,1
kb-001,木更津沖堤防,f010,2023-11-22,105,1
kb-001,木更津沖堤防,f010,2023-12-06,100,1
kb-001,木更津沖堤防,f010,2023-11-08,98,1
kb-001,木更津沖堤防,f010,2023-12-13,120,3
kb-001,木更津沖堤防,f010,2023-07-25,100,1
kb-001,木更津沖堤防,f010,2023-11-03,116,1
kb-001,木更津沖堤防,f010,2023-11-18,166,1
kb-001,木更津沖堤防,f010,2025-09-14,108,1
kb-001,木更津沖堤防,f010,2025-09-24,100,1
kb-001,木更津沖堤防,f010,2025-10-07,75,1
kb-001,木更津沖堤防,f010,2025-09-21,90,1
kb-001,木更津沖堤防,f010,2025-10-20,,1
kb-001,木更津沖堤防,f010,2025-11-04,,1
kb-001,木更津沖堤防,f010,2025-11-13,100,1
kb-001,木更津沖堤防,f010,2025-11-15,78,1
kb-001,木更津沖堤防,f010,2025-11-18,100,1
kb-001,木更津沖堤防,f010,2025-12-03,85,1
kb-001,木更津沖堤防,f010,2025-12-04,110,4
kb-001,木更津沖堤防,f010,2025-12-12,,3
kb-001,木更津沖堤防,f010,2025-12-16,90,1
kb-001,木更津沖堤防,f010,2025-09-18,,1
kb-001,木更津沖堤防,f010,2025-12-05,,1
kb-001,木更津沖堤防,f010,2025-10-28,141,1
kb-001,木更津沖堤防,f010,2025-09-14,105,1
kb-001,木更津沖堤防,f010,2025-10-24,80,1
kb-001,木更津沖堤防,f010,2023-06-27,110,1
kb-001,木更津沖堤防,f010,2025-10-05,90,1
kb-001,木更津沖堤防,f010,2023-09-29,98,1
kb-001,木更津沖堤防,f010,2023-10-16,90,1
kb-001,木更津沖堤防,f010,2023-10-19,106,1
kb-001,木更津沖堤防,f010,2023-10-21,90,2
kb-001,木更津沖堤防,f010,2023-11-01,96,1
kb-001,木更津沖堤防,f010,2023-11-05,108,3
kb-001,木更津沖堤防,f010,2023-11-07,110,1
kb-001,木更津沖堤防,f010,2023-11-09,123,1
kb-001,木更津沖堤防,f010,2023-11-10,100,1
kb-001,木更津沖堤防,f010,2023-11-07,,1
kb-001,木更津沖堤防,f010,2023-11-13,90,1
kb-001,木更津沖堤防,f010,2023-11-12,105,2
kb-001,木更津沖堤防,f010,2023-11-18,86,1
kb-001,木更津沖堤防,f010,2023-11-18,100,1
kb-001,木更津沖堤防,f010,2023-11-18,,8
kb-001,木更津沖堤防,f010,2023-11-25,118,3
kb-001,木更津沖堤防,f010,2023-11-26,100,1
kb-001,木更津沖堤防,f010,2023-11-26,,1
kb-001,木更津沖堤防,f010,2023-12-08,,1
kb-001,木更津沖堤防,f010,2024-02-06,95,1
kb-001,木更津沖堤防,f010,2024-06-01,103,2
kb-001,木更津沖堤防,f010,2024-06-10,,1
kb-001,木更津沖堤防,f010,2025-11-05,80,1
kb-001,木更津沖堤防,f010,2024-09-26,,1
kb-001,木更津沖堤防,f010,2024-09-28,,1
kb-001,木更津沖堤防,f010,2024-09-27,70,2
kb-001,木更津沖堤防,f010,2024-09-30,45,1
kb-001,木更津沖堤防,f010,2024-10-03,,1
kb-001,木更津沖堤防,f010,2024-10-04,80,1
kb-001,木更津沖堤防,f010,2024-10-10,,1
kb-001,木更津沖堤防,f010,2024-10-12,,3
kb-001,木更津沖堤防,f010,2024-10-12,92,1
kb-001,木更津沖堤防,f010,2024-10-13,,1
kb-001,木更津沖堤防,f010,2024-10-13,90,1
kb-001,木更津沖堤防,f010,2024-10-12,,1
kb-001,木更津沖堤防,f010,2024-10-13,90,1
kb-001,木更津沖堤防,f010,2024-10-16,,1
kb-001,木更津沖堤防,f010,2024-10-17,110,1
kb-001,木更津沖堤防,f010,2024-09-30,,7
kb-001,木更津沖堤防,f010,2024-10-25,,3
kb-001,木更津沖堤防,f010,2024-10-26,119,1
kb-001,木更津沖堤防,f010,2024-11-01,,2
kb-001,木更津沖堤防,f010,2024-11-03,80,1
kb-001,木更津沖堤防,f010,2024-11-04,100,2
kb-001,木更津沖堤防,f010,2024-11-09,,5
kb-001,木更津沖堤防,f010,2024-11-12,105,1
kb-001,木更津沖堤防,f010,2024-11-12,,1
kb-001,木更津沖堤防,f010,2024-11-19,80,3
kb-001,木更津沖堤防,f010,2024-10-14,80,1
kb-001,木更津沖堤防,f010,2024-11-22,,60
kb-001,木更津沖堤防,f010,2024-11-26,,1
kb-001,木更津沖堤防,f010,2024-11-26,80,1
kb-001,木更津沖堤防,f010,2024-12-15,,1
kb-001,木更津沖堤防,f010,2024-12-10,103,1
kb-001,木更津沖堤防,f010,2024-07-06,50,1
kb-001,木更津沖堤防,f010,2024-07-21,,1
kb-001,木更津沖堤防,f010,2024-07-21,75,1
kb-001,木更津沖堤防,f010,2024-09-17,,1
kb-001,木更津沖堤防,f010,2024-10-03,,23
kb-001,木更津沖堤防,f010,2024-07-20,,1
kb-001,木更津沖堤防,f010,2024-10-06,85,1
kb-001,木更津沖堤防,f010,2024-10-12,65,1
kb-001,木更津沖堤防,f010,2024-10-14,,1
kb-001,木更津沖堤防,f010,2024-10-15,,1
kb-001,木更津沖堤防,f010,2024-10-14,92,6
kb-001,木更津沖堤防,f010,2024-10-18,,1
kb-001,木更津沖堤防,f010,2024-10-22,,1
kb-001,木更津沖堤防,f010,2024-10-23,80,1
kb-001,木更津沖堤防,f010,2024-10-24,61,1
kb-001,木更津沖堤防,f010,2024-10-25,120,1
kb-001,木更津沖堤防,f010,2024-10-31,,2
kb-001,木更津沖堤防,f010,2024-10-31,100,1
kb-001,木更津沖堤防,f010,2024-11-04,,5
kb-001,木更津沖堤防,f010,2024-11-04,80,1
kb-001,木更津沖堤防,f010,2024-11-22,69,2
kb-001,木更津沖堤防,f010,2024-11-22,108,2
kb-001,木更津沖堤防,f010,2024-12-04,,1
kb-001,木更津沖堤防,f010,2024-11-01,100,1
kb-001,木更津沖堤防,f028,2025-06-14,60,1
kb-001,木更津沖堤防,f028,2025-12-11,70,1
kb-001,木更津沖堤防,f028,2023-08-23,62,1
kb-001,木更津沖堤防,f028,2024-07-23,74,1
kb-001,木更津沖堤防,f028,2025-06-05,60,1
kb-001,木更津沖堤防,f029,2025-06-12,,4
kb-001,木更津沖堤防,f029,2025-09-07,20,1
kb-001,木更津沖堤防,f029,2025-09-24,25,2
kb-001,木更津沖堤防,f029,2025-11-23,,134
kb-001,木更津沖堤防,f029,2025-12-19,13,2
kb-001,木更津沖堤防,f029,2023-05-11,20,1
kb-001,木更津沖堤防,f029,2023-07-18,20,1
kb-001,木更津沖堤防,f029,2023-09-03,20,10
kb-001,木更津沖堤防,f029,2023-09-03,25,4
kb-001,木更津沖堤防,f029,2023-09-17,,1
kb-001,木更津沖堤防,f029,2023-09-17,,3
kb-001,木更津沖堤防,f029,2023-10-21,,6
kb-001,木更津沖堤防,f029,2023-10-29,,4
kb-001,木更津沖堤防,f029,2023-11-04,,5
kb-001,木更津沖堤防,f029,2025-04-13,,1
kb-001,木更津沖堤防,f029,2023-11-03,24,1
kb-001,木更津沖堤防,f029,2023-12-04,20,1
kb-001,木更津沖堤防,f029,2024-10-22,,1
kb-001,木更津沖堤防,f029,2024-12-11,,5
kb-001,木更津沖堤防,f029,2024-10-27,,1
kb-001,木更津沖堤防,f029,2024-10-27,21,10
kb-001,木更津沖堤防,f030,2025-10-09,10,3
kb-001,木更津沖堤防,f030,2025-10-30,18,9
kb-001,木更津沖堤防,f030,2023-05-05,10,1
kb-001,木更津沖堤防,f030,2024-09-02,10,1
kb-001,木更津沖堤防,f030,2024-09-23,10,10
kb-001,木更津沖堤防,f030,2024-10-28,,1
kb-001,木更津沖堤防,f030,2024-11-19,,2
kb-001,木更津沖堤防,f030,2024-11-25,16,15
kb-001,木更津沖堤防,f030,2024-10-05,14,1
kb-001,木更津沖堤防,f030,2024-11-10,19,1
kb-001,木更津沖堤防,f030,2025-07-08,,1
kb-001,木更津沖堤防,f031,2023-10-03,33,1
kb-001,木更津沖堤防,f031,2023-09-13,,1
kb-001,木更津沖堤防,f032,2024-08-19,14,1
kb-001,木更津沖堤防,f034,2023-01-11,45,1
kb-001,木更津沖堤防,f034,2023-08-17,20,1
kb-001,木更津沖堤防,f034,2025-12-15,44,1
kb-001,木更津沖堤防,f034,2023-12-13,65,1
kb-001,木更津沖堤防,f034,2023-12-21,35,1
kb-001,木更津沖堤防,f034,2025-06-12,40,1
kb-001,木更津沖堤防,f034,2024-06-15,49,1
kb-001,木更津沖堤防,f034,2024-08-02,46,1
kb-001,木更津沖堤防,f033,2023-09-15,25,1
kb-001,木更津沖堤防,f033,2025-04-20,35,1
kb-001,木更津沖堤防,f033,2025-05-24,,1
kb-001,木更津沖堤防,f033,2025-06-09,30,1
kb-001,木更津沖堤防,f033,2025-08-21,15,1
kb-001,木更津沖堤防,f033,2025-09-11,,4
kb-001,木更津沖堤防,f033,2025-09-11,10,1
kb-001,木更津沖堤防,f033,2025-09-11,1,1
kb-001,木更津沖堤防,f033,2025-09-11,20,4
kb-001,木更津沖堤防,f033,2025-09-24,20,1
kb-001,木更津沖堤防,f033,2025-09-23,15,5
kb-001,木更津沖堤防,f033,2025-10-09,25,1
kb-001,木更津沖堤防,f033,2025-10-15,,1
kb-001,木更津沖堤防,f033,2025-11-21,33,1
kb-001,木更津沖堤防,f033,2025-12-12,20,1
kb-001,木更津沖堤防,f033,2023-03-20,,2
kb-001,木更津沖堤防,f033,2023-06-11,30,1
kb-001,木更津沖堤防,f033,2023-06-11,30,1
kb-001,木更津沖堤防,f033,2023-06-11,25,1
kb-001,木更津沖堤防,f033,2023-06-19,15,6
kb-001,木更津沖堤防,f033,2023-07-03,30,1
kb-001,木更津沖堤防,f033,2023-09-17,,1
kb-001,木更津沖堤防,f033,2023-09-17,20,1
kb-001,木更津沖堤防,f033,2023-09-28,,1
kb-001,木更津沖堤防,f033,2023-12-17,15,2
kb-001,木更津沖堤防,f033,2024-06-04,15,5
kb-001,木更津沖堤防,f033,2024-07-30,25,1
kb-001,木更津沖堤防,f033,2024-07-30,,1
kb-001,木更津沖堤防,f033,2024-08-27,24,1
kb-001,木更津沖堤防,f033,2024-09-02,27,3
kb-001,木更津沖堤防,f033,2024-09-02,15,1
kb-001,木更津沖堤防,f033,2024-09-30,15,1
kb-001,木更津沖堤防,f033,2024-09-30,20,1
kb-001,木更津沖堤防,f033,2024-10-06,30,8
kb-001,木更津沖堤防,f033,2024-06-15,,1
kb-001,木更津沖堤防,f033,2024-06-29,,1
kb-001,木更津沖堤防,f033,2024-11-26,12,12
kb-001,木更津沖堤防,f033,2025-03-15,40,1
kb-001,木更津沖堤防,f009,2025-10-27,,1
kb-001,木更津沖堤防,f009,2025-11-19,40,1
kb-001,木更津沖堤防,f009,2023-05-21,48,1
kb-001,木更津沖堤防,f009,2023-06-08,50,1
kb-001,木更津沖堤防,f009,2023-05-27,45,2
kb-001,木更津沖堤防,f009,2023-07-18,50,1
kb-001,木更津沖堤防,f009,2023-10-21,61,1
kb-001,木更津沖堤防,f009,2023-11-16,68,1
kb-001,木更津沖堤防,f009,2023-12-01,71,2
kb-001,木更津沖堤防,f009,2023-12-09,69,1
kb-001,木更津沖堤防,f009,2023-12-12,65,1
kb-001,木更津沖堤防,f009,2025-06-26,,1
kb-001,木更津沖堤防,f009,2025-07-07,35,3
kb-001,木更津沖堤防,f009,2025-08-12,39,2
kb-001,木更津沖堤防,f009,2025-08-23,40,1
kb-001,木更津沖堤防,f009,2025-08-23,40,1
kb-001,木更津沖堤防,f009,2025-08-21,35,1
kb-001,木更津沖堤防,f009,2025-08-21,40,1
kb-001,木更津沖堤防,f009,2025-09-05,42,1
kb-001,木更津沖堤防,f009,2025-08-21,42,2
kb-001,木更津沖堤防,f009,2025-09-12,45,1
kb-001,木更津沖堤防,f009,2025-09-24,48,1
kb-001,木更津沖堤防,f009,2025-09-24,50,1
kb-001,木更津沖堤防,f009,2025-09-24,46,1
kb-001,木更津沖堤防,f009,2025-09-26,48,1
kb-001,木更津沖堤防,f009,2025-10-03,45,1
kb-001,木更津沖堤防,f009,2025-10-03,63,2
kb-001,木更津沖堤防,f009,2025-10-04,30,2
kb-001,木更津沖堤防,f009,2025-10-04,50,1
kb-001,木更津沖堤防,f009,2025-10-09,43,1
kb-001,木更津沖堤防,f009,2025-10-16,45,1
kb-001,木更津沖堤防,f009,2025-08-21,40,1
kb-001,木更津沖堤防,f009,2025-10-27,45,1
kb-001,木更津沖堤防,f009,2025-10-30,70,1
kb-001,木更津沖堤防,f009,2025-11-01,45,2
kb-001,木更津沖堤防,f009,2025-11-04,53,1
kb-001,木更津沖堤防,f009,2025-11-06,67,2
kb-001,木更津沖堤防,f009,2025-11-07,45,1
kb-001,木更津沖堤防,f009,2025-11-08,50,1
kb-001,木更津沖堤防,f009,2025-10-27,40,1
kb-001,木更津沖堤防,f009,2025-11-14,46,1
kb-001,木更津沖堤防,f009,2025-11-14,70,1
kb-001,木更津沖堤防,f009,2025-11-17,75,1
kb-001,木更津沖堤防,f009,2025-11-17,68,1
kb-001,木更津沖堤防,f009,2025-11-18,67,1
kb-001,木更津沖堤防,f009,2025-11-21,47,1
kb-001,木更津沖堤防,f009,2025-11-26,49,1
kb-001,木更津沖堤防,f009,2025-12-02,47,1
kb-001,木更津沖堤防,f009,2025-12-03,48,1
kb-001,木更津沖堤防,f009,2025-12-04,75,1
kb-001,木更津沖堤防,f009,2025-12-04,50,1
kb-001,木更津沖堤防,f009,2025-12-05,50,1
kb-001,木更津沖堤防,f009,2025-12-06,69,1
kb-001,木更津沖堤防,f009,2025-12-11,50,1
kb-001,木更津沖堤防,f009,2025-12-20,53,1
kb-001,木更津沖堤防,f009,2025-08-20,57,1
kb-001,木更津沖堤防,f009,2025-10-09,,1
kb-001,木更津沖堤防,f009,2025-08-31,45,1
kb-001,木更津沖堤防,f009,2025-12-06,,1
kb-001,木更津沖堤防,f009,2025-12-11,65,1
kb-001,木更津沖堤防,f009,2023-06-23,20,3
kb-001,木更津沖堤防,f009,2023-06-21,30,1
kb-001,木更津沖堤防,f009,2023-07-29,,1
kb-001,木更津沖堤防,f009,2023-09-29,74,1
kb-001,木更津沖堤防,f009,2023-10-16,47,1
kb-001,木更津沖堤防,f009,2023-10-30,80,1
kb-001,木更津沖堤防,f009,2023-11-07,72,1
kb-001,木更津沖堤防,f009,2023-11-12,60,1
kb-001,木更津沖堤防,f009,2023-11-17,74,1
kb-001,木更津沖堤防,f009,2023-12-04,75,1
kb-001,木更津沖堤防,f009,2023-12-09,72,1
kb-001,木更津沖堤防,f009,2023-11-09,70,1
kb-001,木更津沖堤防,f009,2024-08-06,34,1
kb-001,木更津沖堤防,f009,2025-07-10,40,1
kb-001,木更津沖堤防,f009,2024-10-12,42,2
kb-001,木更津沖堤防,f009,2024-10-03,61,1
kb-001,木更津沖堤防,f009,2024-12-01,90,1
kb-001,木更津沖堤防,f009,2024-12-05,75,1
kb-001,木更津沖堤防,f009,2024-12-05,84,1
kb-001,木更津沖堤防,f009,2024-12-14,90,1
kb-001,木更津沖堤防,f009,2024-10-05,46,1
kb-001,木更津沖堤防,f009,2024-10-07,40,1
kb-001,木更津沖堤防,f009,2024-09-27,44,2
kb-001,木更津沖堤防,f009,2024-10-18,73,1
kb-001,木更津沖堤防,f009,2024-10-19,,1
kb-001,木更津沖堤防,f009,2024-10-26,91,1
kb-001,木更津沖堤防,f009,2024-10-27,80,1
kb-001,木更津沖堤防,f009,2024-10-27,80,1
kb-001,木更津沖堤防,f009,2024-11-02,82,1
kb-001,木更津沖堤防,f009,2024-11-09,70,1
kb-001,木更津沖堤防,f009,2024-11-14,,1
kb-001,木更津沖堤防,f009,2024-11-15,70,1
kb-001,木更津沖堤防,f009,2024-11-15,86,1
kb-001,木更津沖堤防,f009,2024-11-16,87,1
kb-001,木更津沖堤防,f009,2024-11-16,80,1
kb-001,木更津沖堤防,f009,2024-11-22,65,1
kb-001,木更津沖堤防,f009,2025-07-29,,2
kb-001,木更津沖堤防,f035,2025-09-05,15,2
kb-001,木更津沖堤防,f035,2023-08-21,20,1
kb-001,木更津沖堤防,f035,2023-10-15,23,1
kb-001,木更津沖堤防,f035,2023-11-03,25,1
kb-001,木更津沖堤防,f035,2023-11-12,,1
kb-001,木更津沖堤防,f035,2024-07-17,21,1
kb-001,木更津沖堤防,f035,2024-08-27,18,1
kb-001,木更津沖堤防,f035,2024-09-23,15,1
kb-001,木更津沖堤防,f035,2024-10-14,20,1
kb-001,木更津沖堤防,f037,2024-11-19,20,1
kb-001,木更津沖堤防,f037,2024-08-28,30,1
kb-001,木更津沖堤防,f037,2024-08-28,30,1
kb-001,木更津沖堤防,f038,2025-04-17,,1
kb-001,木更津沖堤防,f038,2023-02-02,10,1
kb-001,木更津沖堤防,f038,2023-05-29,20,1
kb-001,木更津沖堤防,f038,2023-05-31,18,1
kb-001,木更津沖堤防,f038,2023-05-31,21.5,3
kb-001,木更津沖堤防,f038,2023-05-31,17,1
kb-001,木更津沖堤防,f038,2023-06-08,15,1
kb-001,木更津沖堤防,f038,2025-04-24,,1
kb-001,木更津沖堤防,f038,2025-09-05,15,5
kb-001,木更津沖堤防,f038,2025-10-31,22,2
kb-001,木更津沖堤防,f038,2025-12-04,20,5
kb-001,木更津沖堤防,f038,2025-12-04,23,7
kb-001,木更津沖堤防,f038,2025-12-12,15,4
kb-001,木更津沖堤防,f038,2023-01-03,12,2
kb-001,木更津沖堤防,f038,2023-02-21,15,4
kb-001,木更津沖堤防,f038,2023-04-23,20,1
kb-001,木更津沖堤防,f038,2023-05-05,13,2
kb-001,木更津沖堤防,f038,2023-05-07,,5
kb-001,木更津沖堤防,f038,2023-05-26,20,1
kb-001,木更津沖堤防,f038,2023-06-19,16,1
kb-001,木更津沖堤防,f038,2023-06-19,21,1
kb-001,木更津沖堤防,f038,2023-06-18,21,1
kb-001,木更津沖堤防,f038,2023-07-03,20,1
kb-001,木更津沖堤防,f038,2023-09-17,18,1
kb-001,木更津沖堤防,f038,2023-10-03,,1
kb-001,木更津沖堤防,f038,2023-10-02,,2
kb-001,木更津沖堤防,f038,2023-10-08,22,1
kb-001,木更津沖堤防,f038,2023-10-15,20,2
kb-001,木更津沖堤防,f038,2023-10-16,20,1
kb-001,木更津沖堤防,f038,2023-10-30,18,1
kb-001,木更津沖堤防,f038,2023-10-30,20,2
kb-001,木更津沖堤防,f038,2023-11-04,,1
kb-001,木更津沖堤防,f038,2023-10-31,,1
kb-001,木更津沖堤防,f038,2023-10-31,,1
kb-001,木更津沖堤防,f038,2023-11-09,20,1
kb-001,木更津沖堤防,f038,2023-12-03,24,1
kb-001,木更津沖堤防,f038,2023-12-17,18,1
kb-001,木更津沖堤防,f038,2023-12-20,,1
kb-001,木更津沖堤防,f038,2024-01-06,20,10
kb-001,木更津沖堤防,f038,2024-04-02,,1
kb-001,木更津沖堤防,f038,2024-04-13,,3
kb-001,木更津沖堤防,f038,2024-04-23,22,1
kb-001,木更津沖堤防,f038,2024-05-01,24,1
kb-001,木更津沖堤防,f038,2024-05-01,27,1
kb-001,木更津沖堤防,f038,2024-05-04,20,9
kb-001,木更津沖堤防,f038,2024-05-27,15,1
kb-001,木更津沖堤防,f038,2024-07-17,16,1
kb-001,木更津沖堤防,f038,2024-09-10,25,13
kb-001,木更津沖堤防,f038,2024-09-17,22,2
kb-001,木更津沖堤防,f038,2025-04-24,20,1
kb-001,木更津沖堤防,f038,2024-10-14,23,1
kb-001,木更津沖堤防,f038,2024-11-12,15,2
kb-001,木更津沖堤防,f038,2024-11-26,30,1
kb-001,木更津沖堤防,f038,2024-01-05,20,1
kb-001,木更津沖堤防,f038,2024-04-23,,3
kb-001,木更津沖堤防,f038,2024-06-07,,1
kb-001,木更津沖堤防,f038,2024-11-25,,1
kb-001,木更津沖堤防,f038,2025-06-13,23,1
kb-001,木更津沖堤防,f038,2023-05-27,15,10
kb-001,木更津沖堤防,f039,2024-10-17,60,1
kb-001,木更津沖堤防,f002,2023-07-24,23,1
